loan_id,customer_id,loan_amount,term_months,interest_rate,application_date,status,defaulted
LOAN000001,CUST0125,493297.41,24,6.34,2024-10-30,APPROVED,0
LOAN000002,CUST0160,34798.11,24,22.55,2024-10-20,APPROVED,0
LOAN000003,CUST0150,83816.43,12,19.73,2025-06-10,APPROVED,0
LOAN000004,CUST0081,182108.63,12,23.63,2025-07-17,APPROVED,0
LOAN000005,CUST0176,194356.33,24,20.55,2025-02-27,APPROVED,0
LOAN000006,CUST0171,398492.82,48,21.78,2025-04-17,APPROVED,0
LOAN000007,CUST0120,303273.66,12,19.33,2024-11-27,REJECTED,0
LOAN000008,CUST0004,95224.52,12,12.24,2024-11-20,PENDING,0
LOAN000009,CUST0279,118791.5,36,12.24,2025-02-14,REJECTED,0
LOAN000010,CUST0256,9096.12,36,23.78,2025-04-29,PENDING,0
LOAN000011,CUST0155,239918.45,48,14.44,2025-04-24,APPROVED,0
LOAN000012,CUST0052,310780.78,48,15.95,2025-04-10,APPROVED,0
LOAN000013,CUST0248,233240.6,60,17.26,2025-05-07,APPROVED,0
LOAN000014,CUST0048,276324.47,12,23.97,2025-06-26,APPROVED,0
LOAN000015,CUST0053,327208.62,48,14.98,2024-12-09,APPROVED,0
LOAN000016,CUST0035,151993.93,12,17.63,2025-07-10,APPROVED,1
LOAN000017,CUST0233,400851.4,48,18.46,2024-12-16,PENDING,0
LOAN000018,CUST0161,60221.6,24,6.56,2025-03-25,APPROVED,0
LOAN000019,CUST0137,152220.28,12,10.97,2025-08-06,APPROVED,0
LOAN000020,CUST0086,202369.81,48,10.79,2024-11-19,APPROVED,0
LOAN000021,CUST0260,60680.3,36,9.63,2025-05-08,APPROVED,0
LOAN000022,CUST0218,101157.37,36,22.08,2025-06-18,APPROVED,0
LOAN000023,CUST0169,333974.87,12,19.81,2024-10-10,APPROVED,0
LOAN000024,CUST0179,487226.23,36,23.77,2025-04-20,APPROVED,1
LOAN000025,CUST0213,266577.23,48,9.08,2025-09-14,PENDING,0
LOAN000026,CUST0230,21706.37,48,6.22,2025-04-08,APPROVED,0
LOAN000027,CUST0261,467832.47,48,20.17,2025-05-20,APPROVED,0
LOAN000028,CUST0001,309724.4,36,18.88,2025-04-09,APPROVED,0
LOAN000029,CUST0207,377251.14,60,20.93,2024-11-16,APPROVED,0
LOAN000030,CUST0293,493066.37,48,9.34,2025-07-15,APPROVED,1
LOAN000031,CUST0186,168568.41,12,19.69,2025-08-17,APPROVED,0
LOAN000032,CUST0293,230517.78,36,22.56,2025-04-20,PENDING,0
LOAN000033,CUST0289,413226.77,36,13.02,2024-11-03,APPROVED,0
LOAN000034,CUST0188,484577.59,24,13.08,2025-07-04,APPROVED,0
LOAN000035,CUST0221,280953.59,12,8.74,2025-09-11,APPROVED,0
LOAN000036,CUST0090,265316.84,12,5.31,2025-07-11,APPROVED,0
LOAN000037,CUST0219,36381.73,60,15.37,2025-01-05,APPROVED,0
LOAN000038,CUST0298,454094.96,36,23.08,2025-09-23,APPROVED,0
LOAN000039,CUST0286,478184.18,12,21.06,2025-01-02,PENDING,0
LOAN000040,CUST0001,331098.43,48,3.97,2025-09-27,APPROVED,0
LOAN000041,CUST0035,326662.59,36,18.19,2024-10-16,APPROVED,0
LOAN000042,CUST0140,400602.66,12,8.14,2025-05-25,APPROVED,0
LOAN000043,CUST0113,79271.65,60,23.54,2025-07-24,APPROVED,1
LOAN000044,CUST0068,69972.54,36,5.64,2025-03-01,PENDING,0
LOAN000045,CUST0154,239915.37,12,8.54,2024-10-23,APPROVED,0
LOAN000046,CUST0084,273588.24,36,10.98,2025-04-28,APPROVED,0
LOAN000047,CUST0127,158278.66,12,17.37,2024-11-26,PENDING,0
LOAN000048,CUST0228,380059.2,12,20.69,2024-12-12,APPROVED,0
LOAN000049,CUST0218,326397.76,12,5.77,2025-05-16,PENDING,0
LOAN000050,CUST0208,214837.19,24,7.58,2024-11-22,APPROVED,0
LOAN000051,CUST0285,428313.18,12,18.18,2025-03-01,PENDING,0
LOAN000052,CUST0160,451985.36,24,18.04,2025-03-03,PENDING,0
LOAN000053,CUST0054,479491.02,48,12.89,2024-12-10,PENDING,0
LOAN000054,CUST0103,301750.88,36,15.09,2025-07-13,APPROVED,0
LOAN000055,CUST0165,333694.3,12,13.25,2024-10-31,APPROVED,0
LOAN000056,CUST0008,95633.35,36,9.54,2025-04-23,PENDING,0
LOAN000057,CUST0215,263935.23,36,3.97,2025-07-21,APPROVED,0
LOAN000058,CUST0195,173002.24,60,6.13,2024-11-23,PENDING,0
LOAN000059,CUST0173,234425.81,24,20.71,2025-04-13,APPROVED,0
LOAN000060,CUST0271,41793.46,36,8.87,2025-04-18,APPROVED,0
LOAN000061,CUST0132,36569.68,60,12.24,2025-08-10,APPROVED,0
LOAN000062,CUST0056,463978.07,60,12.75,2025-08-09,APPROVED,0
LOAN000063,CUST0298,134040.43,48,12.2,2025-06-16,APPROVED,0
LOAN000064,CUST0081,452687.98,12,5.75,2024-11-30,APPROVED,0
LOAN000065,CUST0236,375823.28,60,11.94,2025-03-18,APPROVED,0
LOAN000066,CUST0011,265406.84,12,7.69,2025-05-06,APPROVED,0
LOAN000067,CUST0249,283212.63,24,7.95,2024-12-14,PENDING,0
LOAN000068,CUST0281,188683.91,12,9.51,2025-04-07,PENDING,0
LOAN000069,CUST0174,49586.99,48,9.62,2025-06-25,APPROVED,0
LOAN000070,CUST0031,232520.64,12,13.94,2025-01-20,REJECTED,0
LOAN000071,CUST0178,389027.89,48,16.71,2025-07-01,APPROVED,0
LOAN000072,CUST0071,493050.9,12,13.02,2025-07-23,APPROVED,0
LOAN000073,CUST0263,375684.02,48,14.8,2025-08-26,PENDING,0
LOAN000074,CUST0225,87045.08,60,14.88,2025-02-27,PENDING,0
LOAN000075,CUST0297,379494.99,12,5.92,2025-02-09,APPROVED,1
LOAN000076,CUST0069,138053.5,24,6.77,2024-12-23,PENDING,0
LOAN000077,CUST0233,164263.06,48,12.22,2025-07-07,PENDING,0
LOAN000078,CUST0191,119064.4,48,3.53,2024-12-17,APPROVED,0
LOAN000079,CUST0043,55262.5,24,16.33,2025-01-09,PENDING,0
LOAN000080,CUST0133,339301.52,36,18.26,2025-01-30,APPROVED,0
LOAN000081,CUST0129,313087.05,60,19.64,2025-02-28,PENDING,0
LOAN000082,CUST0050,205491.95,12,21.06,2024-11-13,APPROVED,0
LOAN000083,CUST0167,90938.95,12,14.96,2025-03-21,APPROVED,0
LOAN000084,CUST0197,447376.46,48,15.63,2025-01-22,APPROVED,0
LOAN000085,CUST0276,319650.3,12,4.4,2025-07-04,APPROVED,0
LOAN000086,CUST0225,170040.04,60,15.39,2025-05-11,APPROVED,0
LOAN000087,CUST0016,192193.73,60,23.05,2025-09-12,APPROVED,0
LOAN000088,CUST0031,410680.5,12,17.15,2025-03-13,APPROVED,0
LOAN000089,CUST0162,488498.75,36,12.19,2024-10-20,APPROVED,0
LOAN000090,CUST0184,368878.1,36,23.93,2024-10-06,APPROVED,0
LOAN000091,CUST0191,183404.51,48,15.27,2025-09-26,APPROVED,0
LOAN000092,CUST0010,273912.14,12,15.65,2025-05-13,PENDING,0
LOAN000093,CUST0215,476688.67,36,12.8,2024-12-08,APPROVED,0
LOAN000094,CUST0073,183730.37,48,11.09,2025-04-08,APPROVED,0
LOAN000095,CUST0202,196722.25,36,9.72,2025-03-15,APPROVED,1
LOAN000096,CUST0244,147215.01,24,13.48,2025-05-12,APPROVED,0
LOAN000097,CUST0067,132317.84,36,6.65,2025-08-08,APPROVED,0
LOAN000098,CUST0050,206050.56,36,20.02,2025-09-10,APPROVED,0
LOAN000099,CUST0284,387905.95,24,21.04,2025-09-10,APPROVED,0
LOAN000100,CUST0213,110000.31,60,14.31,2025-02-09,APPROVED,0
LOAN000101,CUST0245,396448.23,60,8.05,2025-06-29,APPROVED,0
LOAN000102,CUST0031,377318.32,24,16.37,2025-06-16,PENDING,0
LOAN000103,CUST0175,366275.78,36,16.79,2025-07-13,APPROVED,0
LOAN000104,CUST0269,33014.92,24,4.07,2025-08-30,APPROVED,1
LOAN000105,CUST0071,258042.14,60,19.18,2024-12-13,APPROVED,0
LOAN000106,CUST0087,231003.6,12,19.56,2024-11-26,REJECTED,0
LOAN000107,CUST0076,354478.95,12,6.99,2024-11-09,PENDING,0
LOAN000108,CUST0184,202995.62,12,23.09,2025-01-11,APPROVED,0
LOAN000109,CUST0001,455403.25,36,11.62,2025-01-04,APPROVED,1
LOAN000110,CUST0196,170905.48,24,9.84,2024-12-05,APPROVED,0
LOAN000111,CUST0104,481908.07,36,21.4,2025-02-12,PENDING,0
LOAN000112,CUST0148,351675.38,60,17.63,2025-01-22,PENDING,0
LOAN000113,CUST0144,278930.85,48,10.74,2025-09-06,APPROVED,0
LOAN000114,CUST0247,39387.72,36,7.67,2025-03-21,PENDING,1
LOAN000115,CUST0221,447083.8,60,13.12,2024-10-27,APPROVED,0
LOAN000116,CUST0043,182401.47,24,6.8,2025-08-04,APPROVED,0
LOAN000117,CUST0233,48785.77,48,22.4,2025-08-22,APPROVED,0
LOAN000118,CUST0277,371561.14,36,10.01,2025-04-21,APPROVED,1
LOAN000119,CUST0044,284509.1,60,16.12,2024-11-20,APPROVED,0
LOAN000120,CUST0268,316334.38,24,18.84,2025-03-23,PENDING,0
LOAN000121,CUST0207,32859.74,60,8.33,2025-07-24,APPROVED,0
LOAN000122,CUST0008,427019.94,24,11.51,2025-07-06,APPROVED,0
LOAN000123,CUST0192,46968.26,12,9.64,2025-08-24,APPROVED,0
LOAN000124,CUST0165,439136.43,36,21.09,2025-08-24,APPROVED,0
LOAN000125,CUST0036,53384.18,24,4.8,2025-01-15,APPROVED,0
LOAN000126,CUST0009,134828.53,60,23.84,2025-07-23,APPROVED,0
LOAN000127,CUST0003,127614.57,48,11.58,2025-05-27,APPROVED,0
LOAN000128,CUST0093,309777.5,36,21.16,2024-11-19,REJECTED,0
LOAN000129,CUST0182,316192.03,24,12.16,2025-05-22,APPROVED,0
LOAN000130,CUST0164,58721.95,48,22.42,2025-09-09,APPROVED,0
LOAN000131,CUST0097,199416.19,12,14.27,2025-01-29,APPROVED,1
LOAN000132,CUST0066,159886.71,60,5.99,2025-05-10,APPROVED,0
LOAN000133,CUST0241,150894.48,24,4.2,2025-04-09,APPROVED,0
LOAN000134,CUST0201,193927.12,60,21.12,2024-10-14,APPROVED,0
LOAN000135,CUST0139,424889.34,24,21.64,2024-10-13,REJECTED,0
LOAN000136,CUST0234,494920.79,12,14.45,2025-05-19,REJECTED,0
LOAN000137,CUST0060,250641.1,60,21.25,2025-06-11,APPROVED,0
LOAN000138,CUST0045,160666.56,48,22.28,2025-03-30,APPROVED,0
LOAN000139,CUST0237,474319.8,24,6.37,2025-05-14,APPROVED,0
LOAN000140,CUST0170,305527.57,48,14.85,2025-09-18,APPROVED,0
LOAN000141,CUST0022,220292.56,24,17.63,2025-04-29,REJECTED,0
LOAN000142,CUST0138,231253.15,24,18.85,2024-10-30,APPROVED,0
LOAN000143,CUST0100,173906.85,36,15.04,2025-02-26,APPROVED,0
LOAN000144,CUST0291,188411.07,12,13.18,2025-07-02,APPROVED,0
LOAN000145,CUST0167,291500.79,12,6.04,2025-09-05,PENDING,0
LOAN000146,CUST0038,417940.7,24,10.37,2025-05-23,APPROVED,1
LOAN000147,CUST0142,126029.63,24,7.98,2025-04-05,APPROVED,0
LOAN000148,CUST0162,163696.07,36,22.13,2025-02-21,APPROVED,0
LOAN000149,CUST0116,225449.88,36,7.38,2025-01-01,PENDING,0
LOAN000150,CUST0246,396368.08,24,9.17,2025-09-28,APPROVED,0
LOAN000151,CUST0184,481207.27,36,5.89,2025-06-21,APPROVED,0
LOAN000152,CUST0033,348076.03,36,19.45,2025-08-11,APPROVED,0
LOAN000153,CUST0197,83723.49,36,8.03,2025-01-31,APPROVED,1
LOAN000154,CUST0035,442899.77,12,3.8,2025-01-22,REJECTED,0
LOAN000155,CUST0214,208769.34,36,4.88,2025-06-29,APPROVED,0
LOAN000156,CUST0219,50522.91,36,5.08,2025-09-09,APPROVED,0
LOAN000157,CUST0122,155493.06,48,5.42,2024-12-03,APPROVED,0
LOAN000158,CUST0020,283595.43,48,23.22,2025-08-29,APPROVED,0
LOAN000159,CUST0167,166520.01,12,13.86,2025-09-07,APPROVED,0
LOAN000160,CUST0193,108088.95,60,5.66,2025-09-21,APPROVED,0
LOAN000161,CUST0098,433231.63,48,15.54,2025-04-24,APPROVED,0
LOAN000162,CUST0258,68204.39,12,12.53,2025-09-13,APPROVED,0
LOAN000163,CUST0120,479830.29,48,10.78,2025-04-08,APPROVED,0
LOAN000164,CUST0232,370457.46,12,21.5,2025-04-21,APPROVED,0
LOAN000165,CUST0199,150497.12,36,22.19,2024-11-04,APPROVED,0
LOAN000166,CUST0156,275897.56,24,17.93,2025-03-20,PENDING,0
LOAN000167,CUST0263,493528.69,36,14.74,2024-11-06,APPROVED,0
LOAN000168,CUST0095,432606.31,12,18.53,2025-02-22,APPROVED,0
LOAN000169,CUST0282,468384.88,60,12.77,2025-08-10,APPROVED,0
LOAN000170,CUST0295,280287.15,12,14.92,2025-06-08,APPROVED,0
LOAN000171,CUST0196,32007.44,48,16.36,2024-10-10,APPROVED,0
LOAN000172,CUST0188,75691.39,60,14.68,2025-02-14,APPROVED,0
LOAN000173,CUST0213,415135.36,24,18.75,2025-03-30,APPROVED,0
LOAN000174,CUST0074,11734.09,60,7.18,2025-03-14,APPROVED,0
LOAN000175,CUST0244,350860.84,24,18.97,2025-01-24,APPROVED,0
LOAN000176,CUST0155,43114.32,60,18.8,2025-02-25,APPROVED,0
LOAN000177,CUST0152,11226.1,48,5.89,2025-08-08,APPROVED,0
LOAN000178,CUST0032,352583.04,48,15.68,2024-11-15,PENDING,0
LOAN000179,CUST0077,411168.03,36,23.11,2025-07-03,APPROVED,0
LOAN000180,CUST0137,38016.13,48,20.36,2025-02-17,APPROVED,0
LOAN000181,CUST0003,17771.85,24,7.91,2025-04-28,APPROVED,1
LOAN000182,CUST0281,13539.74,36,19.81,2025-03-11,APPROVED,0
LOAN000183,CUST0214,245604.95,60,23.99,2025-02-09,APPROVED,1
LOAN000184,CUST0040,493749.3,36,10.47,2025-02-13,APPROVED,0
LOAN000185,CUST0277,142100.37,12,7.39,2025-02-27,APPROVED,0
LOAN000186,CUST0244,116133.32,36,6.2,2025-05-07,APPROVED,0
LOAN000187,CUST0060,377830.19,12,6.79,2025-05-16,APPROVED,0
LOAN000188,CUST0040,473144.17,12,13.21,2025-01-16,APPROVED,0
LOAN000189,CUST0177,292206.36,36,15.14,2024-10-02,APPROVED,0
LOAN000190,CUST0098,360080.77,36,4.13,2025-03-09,APPROVED,0
LOAN000191,CUST0120,170309.81,24,4.56,2025-04-16,PENDING,0
LOAN000192,CUST0194,133999.4,48,19.69,2024-12-23,APPROVED,0
LOAN000193,CUST0124,338454.45,12,12.14,2025-04-18,APPROVED,0
LOAN000194,CUST0272,421372.68,12,9.29,2025-05-22,APPROVED,0
LOAN000195,CUST0071,303856.2,60,22.99,2024-12-02,REJECTED,0
LOAN000196,CUST0210,43769.26,12,10.78,2024-11-30,PENDING,0
LOAN000197,CUST0080,454798.25,36,9.84,2025-01-16,APPROVED,1
LOAN000198,CUST0065,77627.39,48,15.55,2025-04-29,APPROVED,0
LOAN000199,CUST0191,206387.67,60,15.44,2025-09-12,PENDING,0
LOAN000200,CUST0181,461564.63,60,23.8,2025-03-02,APPROVED,0
LOAN000201,CUST0261,105281.67,36,13.75,2025-09-06,APPROVED,0
LOAN000202,CUST0293,121965.94,12,18.96,2024-12-09,APPROVED,0
LOAN000203,CUST0017,393099.77,36,20.73,2025-04-07,PENDING,0
LOAN000204,CUST0054,17447.21,12,5.64,2025-05-19,APPROVED,0
LOAN000205,CUST0015,373637.75,12,16.83,2024-11-25,PENDING,0
LOAN000206,CUST0179,309544.13,36,17.5,2024-12-04,APPROVED,0
LOAN000207,CUST0045,397641.6,60,16.89,2025-05-18,APPROVED,1
LOAN000208,CUST0249,55716.44,24,22.12,2024-10-12,PENDING,0
LOAN000209,CUST0283,314575.55,24,23.26,2024-12-29,APPROVED,0
LOAN000210,CUST0079,292206.07,24,18.54,2025-06-30,APPROVED,0
LOAN000211,CUST0022,448626.14,24,18.19,2025-01-12,APPROVED,0
LOAN000212,CUST0102,81495.56,36,8.31,2025-08-13,APPROVED,0
LOAN000213,CUST0288,78348.83,12,5.63,2025-09-19,APPROVED,0
LOAN000214,CUST0042,130635.83,36,8.91,2025-01-25,PENDING,0
LOAN000215,CUST0130,244606.52,48,15.39,2025-09-08,PENDING,0
LOAN000216,CUST0076,457634.18,48,9.32,2025-08-09,APPROVED,0
LOAN000217,CUST0196,75427.24,12,21.9,2025-04-09,APPROVED,0
LOAN000218,CUST0179,80100.24,24,21.36,2025-06-08,APPROVED,0
LOAN000219,CUST0272,115703.11,12,18.82,2025-05-26,APPROVED,1
LOAN000220,CUST0103,193767.03,48,18.28,2025-01-08,REJECTED,0
LOAN000221,CUST0022,444240.41,60,16.97,2025-09-16,APPROVED,0
LOAN000222,CUST0280,26300.14,12,13.92,2025-09-26,APPROVED,0
LOAN000223,CUST0123,360045.7,36,3.89,2025-02-13,APPROVED,0
LOAN000224,CUST0254,219767.45,36,5.72,2025-01-15,APPROVED,0
LOAN000225,CUST0176,403566.04,12,11.72,2024-12-21,APPROVED,0
LOAN000226,CUST0257,265269.61,12,5.49,2025-01-01,APPROVED,0
LOAN000227,CUST0194,299647.38,12,8.48,2025-02-05,REJECTED,0
LOAN000228,CUST0254,230232.55,60,7.32,2024-10-22,APPROVED,0
LOAN000229,CUST0245,71137.67,12,9.78,2025-02-14,APPROVED,1
LOAN000230,CUST0075,79777.29,60,7.18,2024-11-18,APPROVED,0
LOAN000231,CUST0212,67333.29,24,19.88,2025-06-06,APPROVED,0
LOAN000232,CUST0268,331400.58,60,6.46,2024-12-08,APPROVED,0
LOAN000233,CUST0138,375290.91,60,19.81,2024-10-02,REJECTED,0
LOAN000234,CUST0093,30232.71,48,22.34,2025-05-09,PENDING,0
LOAN000235,CUST0001,388310.13,12,11.0,2025-09-30,APPROVED,0
LOAN000236,CUST0118,233934.41,24,15.98,2025-06-30,APPROVED,0
LOAN000237,CUST0239,130062.47,12,20.25,2025-06-18,APPROVED,0
LOAN000238,CUST0084,335790.24,12,18.17,2025-05-14,APPROVED,0
LOAN000239,CUST0092,82415.17,60,11.76,2025-08-03,PENDING,0
LOAN000240,CUST0122,266703.25,48,23.16,2025-03-23,APPROVED,0
LOAN000241,CUST0052,222565.03,12,19.33,2025-04-09,APPROVED,1
LOAN000242,CUST0107,2018.79,60,20.15,2025-01-29,APPROVED,0
LOAN000243,CUST0226,306137.51,48,23.76,2025-07-17,APPROVED,0
LOAN000244,CUST0264,376264.77,24,16.78,2025-04-21,APPROVED,0
LOAN000245,CUST0140,110997.32,24,14.12,2025-08-21,APPROVED,0
LOAN000246,CUST0072,85016.18,24,13.8,2025-02-04,PENDING,0
LOAN000247,CUST0210,320837.79,12,4.7,2025-02-20,APPROVED,0
LOAN000248,CUST0150,281618.12,48,10.98,2025-05-26,APPROVED,0
LOAN000249,CUST0203,201383.61,60,10.51,2024-10-31,APPROVED,0
LOAN000250,CUST0115,435489.56,12,21.84,2025-06-03,APPROVED,0
LOAN000251,CUST0270,103709.14,12,7.09,2025-05-25,APPROVED,0
LOAN000252,CUST0123,260813.14,36,13.93,2025-06-09,APPROVED,0
LOAN000253,CUST0202,323613.78,24,6.07,2025-05-03,REJECTED,1
LOAN000254,CUST0265,252154.68,24,23.82,2024-11-11,APPROVED,0
LOAN000255,CUST0088,235860.48,24,16.2,2025-09-24,APPROVED,0
LOAN000256,CUST0187,165192.93,36,3.61,2025-02-18,APPROVED,1
LOAN000257,CUST0043,103611.46,48,8.42,2025-08-25,APPROVED,0
LOAN000258,CUST0245,219469.06,24,18.32,2024-12-27,APPROVED,0
LOAN000259,CUST0013,297402.7,36,16.04,2024-12-25,PENDING,0
LOAN000260,CUST0018,68741.87,48,4.86,2025-04-19,APPROVED,0
LOAN000261,CUST0252,123016.49,24,23.39,2025-02-22,APPROVED,0
LOAN000262,CUST0132,497876.08,60,6.71,2025-03-02,APPROVED,0
LOAN000263,CUST0019,362870.1,48,9.79,2025-03-27,APPROVED,0
LOAN000264,CUST0008,326673.29,60,10.37,2025-01-31,APPROVED,0
LOAN000265,CUST0191,193701.72,24,14.95,2025-07-29,APPROVED,0
LOAN000266,CUST0238,369624.68,48,22.4,2024-11-06,APPROVED,0
LOAN000267,CUST0215,183888.11,12,13.18,2025-05-29,APPROVED,0
LOAN000268,CUST0019,443867.57,48,18.29,2024-10-30,APPROVED,0
LOAN000269,CUST0147,307668.79,12,6.12,2025-08-14,APPROVED,0
LOAN000270,CUST0162,429401.59,12,14.17,2024-11-23,APPROVED,0
LOAN000271,CUST0133,261719.14,36,13.62,2024-10-28,APPROVED,0
LOAN000272,CUST0198,498866.36,12,14.8,2024-11-21,APPROVED,0
LOAN000273,CUST0267,202382.14,24,9.36,2024-11-03,APPROVED,0
LOAN000274,CUST0211,268573.19,12,15.61,2024-12-15,APPROVED,0
LOAN000275,CUST0172,330144.83,60,6.94,2025-02-04,APPROVED,0
LOAN000276,CUST0071,90075.19,60,5.25,2025-07-29,APPROVED,0
LOAN000277,CUST0141,309634.92,48,14.43,2025-04-24,APPROVED,0
LOAN000278,CUST0259,306567.76,60,11.61,2024-10-15,PENDING,0
LOAN000279,CUST0160,212720.55,48,18.67,2025-02-24,APPROVED,0
LOAN000280,CUST0242,42010.72,36,9.16,2025-08-05,APPROVED,0
LOAN000281,CUST0059,189284.78,60,15.6,2024-11-10,REJECTED,1
LOAN000282,CUST0105,263085.82,60,19.77,2025-04-23,PENDING,0
LOAN000283,CUST0267,8297.98,36,10.53,2025-03-20,PENDING,0
LOAN000284,CUST0210,103116.23,60,11.49,2025-04-02,APPROVED,0
LOAN000285,CUST0274,462941.38,24,16.22,2025-08-09,PENDING,0
LOAN000286,CUST0216,478897.89,24,4.55,2025-01-05,APPROVED,0
LOAN000287,CUST0247,79557.71,36,19.19,2025-03-07,APPROVED,0
LOAN000288,CUST0206,380380.18,24,16.76,2025-09-29,APPROVED,0
LOAN000289,CUST0291,296087.63,60,16.39,2025-05-23,APPROVED,0
LOAN000290,CUST0013,77228.06,48,19.4,2024-12-20,APPROVED,0
LOAN000291,CUST0079,206952.06,24,9.98,2025-09-02,PENDING,0
LOAN000292,CUST0226,260831.24,36,5.82,2025-01-27,APPROVED,0
LOAN000293,CUST0063,183878.02,60,11.05,2024-12-21,APPROVED,0
LOAN000294,CUST0120,452893.13,12,19.55,2025-06-12,APPROVED,0
LOAN000295,CUST0023,94042.26,60,8.39,2025-09-13,APPROVED,0
LOAN000296,CUST0146,73887.22,60,18.71,2025-04-10,PENDING,0
LOAN000297,CUST0046,398613.99,36,5.02,2025-03-03,PENDING,0
LOAN000298,CUST0114,361789.97,60,20.72,2024-12-04,APPROVED,0
LOAN000299,CUST0101,454219.98,48,5.36,2024-11-22,APPROVED,0
LOAN000300,CUST0205,51351.82,60,4.12,2025-04-29,APPROVED,0
LOAN000301,CUST0186,473553.45,36,7.89,2025-02-23,APPROVED,0
LOAN000302,CUST0201,210163.03,36,18.43,2025-04-24,PENDING,0
LOAN000303,CUST0060,33259.87,60,11.62,2024-10-10,APPROVED,0
LOAN000304,CUST0242,25805.4,36,20.88,2025-02-08,APPROVED,0
LOAN000305,CUST0257,241860.77,12,22.21,2024-11-22,APPROVED,0
LOAN000306,CUST0280,256144.66,60,4.55,2025-07-09,APPROVED,0
LOAN000307,CUST0024,190441.03,24,8.2,2024-12-18,APPROVED,0
LOAN000308,CUST0127,48029.98,24,14.95,2025-03-10,APPROVED,0
LOAN000309,CUST0137,420559.79,36,7.76,2025-01-23,PENDING,0
LOAN000310,CUST0045,403712.61,60,5.56,2025-07-10,APPROVED,0
LOAN000311,CUST0145,159052.76,36,21.35,2025-02-28,APPROVED,0
LOAN000312,CUST0218,54799.71,12,9.58,2025-03-13,APPROVED,0
LOAN000313,CUST0105,391062.19,36,16.58,2025-05-24,PENDING,0
LOAN000314,CUST0288,54476.74,60,10.41,2024-10-07,APPROVED,0
LOAN000315,CUST0069,92384.37,60,22.48,2025-08-15,APPROVED,1
LOAN000316,CUST0245,344211.07,60,20.59,2024-11-09,APPROVED,0
LOAN000317,CUST0278,298385.92,24,22.44,2024-10-31,APPROVED,0
LOAN000318,CUST0016,176386.16,12,10.62,2024-11-22,APPROVED,0
LOAN000319,CUST0137,353181.01,36,15.18,2025-05-03,APPROVED,0
LOAN000320,CUST0186,44136.61,48,8.04,2025-07-14,APPROVED,0
LOAN000321,CUST0121,473000.17,36,13.57,2025-03-04,PENDING,0
LOAN000322,CUST0061,211783.93,12,8.37,2025-04-03,APPROVED,0
LOAN000323,CUST0187,78964.94,48,8.54,2025-03-14,REJECTED,0
LOAN000324,CUST0196,215182.92,60,17.69,2025-05-15,APPROVED,0
LOAN000325,CUST0219,343773.27,36,6.56,2025-07-07,APPROVED,0
LOAN000326,CUST0174,171224.67,24,13.55,2025-01-03,APPROVED,0
LOAN000327,CUST0207,399962.35,24,19.42,2025-07-08,APPROVED,0
LOAN000328,CUST0163,496458.31,60,13.92,2025-04-20,APPROVED,0
LOAN000329,CUST0299,245858.74,12,22.13,2025-09-29,APPROVED,0
LOAN000330,CUST0216,277696.1,60,3.72,2024-12-07,APPROVED,0
LOAN000331,CUST0083,497469.27,48,18.66,2025-06-20,APPROVED,0
LOAN000332,CUST0125,172492.74,60,15.8,2025-01-26,APPROVED,0
LOAN000333,CUST0149,66676.08,60,8.8,2025-07-30,APPROVED,0
LOAN000334,CUST0070,414747.76,36,3.52,2025-05-30,APPROVED,1
LOAN000335,CUST0239,222069.29,12,10.15,2025-09-28,APPROVED,0
LOAN000336,CUST0091,67696.09,48,5.72,2024-12-06,APPROVED,0
LOAN000337,CUST0297,129659.69,60,13.27,2024-10-30,PENDING,0
LOAN000338,CUST0295,456736.65,48,5.61,2025-01-02,APPROVED,0
LOAN000339,CUST0075,369489.61,48,7.0,2024-10-15,APPROVED,0
LOAN000340,CUST0095,461995.86,24,16.58,2024-10-07,PENDING,0
LOAN000341,CUST0233,92479.2,48,12.7,2025-05-13,PENDING,0
LOAN000342,CUST0276,368135.86,12,18.0,2025-04-29,APPROVED,0
LOAN000343,CUST0285,343739.76,60,10.33,2025-08-07,APPROVED,0
LOAN000344,CUST0121,146483.55,60,21.96,2025-07-24,APPROVED,0
LOAN000345,CUST0029,249692.9,36,16.5,2025-09-29,APPROVED,0
LOAN000346,CUST0107,263552.12,24,7.55,2024-11-10,PENDING,0
LOAN000347,CUST0121,249579.73,36,11.29,2025-06-05,APPROVED,0
LOAN000348,CUST0003,410468.27,36,8.28,2025-08-14,APPROVED,0
LOAN000349,CUST0205,414682.83,24,7.85,2025-07-09,APPROVED,0
LOAN000350,CUST0023,112094.08,24,7.98,2025-06-22,APPROVED,0
LOAN000351,CUST0022,333347.73,24,18.7,2025-04-27,APPROVED,0
LOAN000352,CUST0161,436073.32,48,21.89,2025-07-04,APPROVED,0
LOAN000353,CUST0122,352416.54,12,10.09,2025-01-21,APPROVED,0
LOAN000354,CUST0116,331173.21,60,19.68,2024-12-20,APPROVED,0
LOAN000355,CUST0289,122298.41,12,13.72,2025-02-14,PENDING,0
LOAN000356,CUST0165,423767.31,12,23.57,2025-04-11,APPROVED,0
LOAN000357,CUST0159,404641.34,48,7.56,2024-11-07,APPROVED,0
LOAN000358,CUST0168,76536.68,24,9.1,2025-05-22,APPROVED,0
LOAN000359,CUST0278,187415.75,60,13.9,2025-05-23,APPROVED,0
LOAN000360,CUST0071,82485.73,24,13.75,2025-05-19,APPROVED,0
LOAN000361,CUST0170,259084.92,60,15.33,2025-01-18,APPROVED,0
LOAN000362,CUST0274,11786.51,36,22.09,2024-12-05,PENDING,0
LOAN000363,CUST0151,346114.89,36,13.82,2024-11-25,REJECTED,0
LOAN000364,CUST0297,182143.6,12,5.88,2024-10-21,PENDING,0
LOAN000365,CUST0195,90460.43,12,14.55,2024-12-03,APPROVED,0
LOAN000366,CUST0060,428950.09,48,19.72,2025-08-08,APPROVED,0
LOAN000367,CUST0176,453628.84,60,14.41,2025-07-05,APPROVED,0
LOAN000368,CUST0142,5863.99,12,7.09,2025-07-29,APPROVED,0
LOAN000369,CUST0203,143991.21,36,18.4,2024-11-15,APPROVED,0
LOAN000370,CUST0266,373471.12,60,20.49,2025-03-16,APPROVED,0
LOAN000371,CUST0023,383244.33,12,23.15,2025-02-06,APPROVED,0
LOAN000372,CUST0224,442101.83,60,8.7,2025-08-31,PENDING,0
LOAN000373,CUST0237,241882.97,12,15.88,2024-10-26,APPROVED,0
LOAN000374,CUST0290,153677.23,48,7.96,2024-10-14,APPROVED,0
LOAN000375,CUST0030,498638.41,24,8.93,2025-03-29,APPROVED,0
LOAN000376,CUST0035,148834.55,48,16.45,2025-05-31,APPROVED,0
LOAN000377,CUST0014,19044.6,24,10.87,2025-08-04,APPROVED,0
LOAN000378,CUST0123,372473.89,24,22.05,2025-07-15,APPROVED,0
LOAN000379,CUST0280,470482.95,36,22.05,2025-01-06,APPROVED,0
LOAN000380,CUST0225,246748.82,48,12.43,2025-05-22,APPROVED,0
LOAN000381,CUST0124,188961.07,48,16.3,2025-06-25,APPROVED,0
LOAN000382,CUST0257,369036.47,60,16.12,2025-05-09,APPROVED,0
LOAN000383,CUST0060,243704.07,24,7.83,2025-08-09,REJECTED,0
LOAN000384,CUST0091,75471.97,12,8.51,2025-03-01,APPROVED,0
LOAN000385,CUST0221,481811.89,48,11.88,2025-02-13,PENDING,0
LOAN000386,CUST0286,330787.12,60,16.56,2025-01-22,APPROVED,0
LOAN000387,CUST0139,33110.12,12,22.25,2025-08-03,APPROVED,0
LOAN000388,CUST0268,38777.55,36,10.65,2024-12-27,APPROVED,0
LOAN000389,CUST0206,72938.22,60,13.23,2025-04-15,REJECTED,0
LOAN000390,CUST0155,203102.04,24,22.61,2024-11-19,APPROVED,0
LOAN000391,CUST0191,469844.61,36,11.9,2025-06-12,PENDING,0
LOAN000392,CUST0259,112715.67,12,21.47,2024-12-27,REJECTED,1
LOAN000393,CUST0207,39720.76,24,3.71,2025-03-02,APPROVED,0
LOAN000394,CUST0013,300530.68,60,22.94,2024-12-23,APPROVED,0
LOAN000395,CUST0078,361262.27,24,12.87,2024-10-20,APPROVED,0
LOAN000396,CUST0106,242768.97,24,5.56,2025-06-17,APPROVED,0
LOAN000397,CUST0078,495732.39,24,5.17,2025-08-10,APPROVED,0
LOAN000398,CUST0099,357708.35,48,11.46,2024-10-04,APPROVED,0
LOAN000399,CUST0084,180665.71,60,23.0,2025-06-27,APPROVED,0
LOAN000400,CUST0012,49603.32,12,21.87,2025-04-09,APPROVED,0
LOAN000401,CUST0046,331754.56,24,9.93,2025-05-07,APPROVED,0
LOAN000402,CUST0088,263223.7,48,8.64,2024-11-22,PENDING,1
LOAN000403,CUST0115,46011.97,24,5.55,2024-12-12,APPROVED,0
LOAN000404,CUST0179,53861.99,24,6.65,2025-02-26,APPROVED,0
LOAN000405,CUST0020,106707.72,12,5.95,2025-09-01,APPROVED,0
LOAN000406,CUST0284,152928.48,48,15.76,2025-01-13,PENDING,0
LOAN000407,CUST0021,307914.4,48,11.31,2025-04-01,APPROVED,0
LOAN000408,CUST0144,246586.88,48,5.37,2025-06-08,APPROVED,0
LOAN000409,CUST0269,93206.21,36,23.95,2024-12-30,APPROVED,0
LOAN000410,CUST0117,417868.93,48,13.17,2025-07-16,APPROVED,0
LOAN000411,CUST0249,61688.19,60,7.32,2024-10-26,REJECTED,0
LOAN000412,CUST0245,216323.31,60,20.53,2025-04-02,APPROVED,0
LOAN000413,CUST0156,294568.42,36,13.89,2025-02-10,PENDING,1
LOAN000414,CUST0108,329716.58,48,6.96,2024-12-16,APPROVED,0
LOAN000415,CUST0218,323616.85,60,4.82,2024-10-09,APPROVED,0
LOAN000416,CUST0227,457519.09,36,18.34,2025-07-31,APPROVED,0
LOAN000417,CUST0273,40837.1,36,17.03,2025-02-04,APPROVED,0
LOAN000418,CUST0049,499682.02,60,21.54,2025-09-01,APPROVED,0
LOAN000419,CUST0173,3184.03,48,13.13,2024-12-24,PENDING,0
LOAN000420,CUST0297,234601.76,24,11.31,2025-08-01,APPROVED,0
LOAN000421,CUST0163,251154.91,12,3.96,2025-06-18,APPROVED,0
LOAN000422,CUST0138,94324.01,48,17.39,2025-03-11,APPROVED,0
LOAN000423,CUST0066,213945.27,36,17.88,2024-11-21,APPROVED,0
LOAN000424,CUST0140,247484.35,24,13.49,2025-07-03,APPROVED,0
LOAN000425,CUST0026,85632.9,60,14.3,2024-11-19,APPROVED,0
LOAN000426,CUST0082,189292.38,48,17.01,2025-03-30,APPROVED,0
LOAN000427,CUST0230,459974.19,60,20.14,2025-02-20,APPROVED,0
LOAN000428,CUST0035,427626.47,12,10.05,2024-12-12,APPROVED,0
LOAN000429,CUST0158,416497.74,60,18.29,2024-12-01,REJECTED,0
LOAN000430,CUST0173,386847.47,48,18.65,2025-09-29,APPROVED,0
LOAN000431,CUST0116,469519.2,60,7.69,2024-11-12,APPROVED,0
LOAN000432,CUST0232,436596.77,60,4.23,2025-08-25,REJECTED,0
LOAN000433,CUST0003,342846.87,24,8.32,2025-08-09,APPROVED,0
LOAN000434,CUST0223,365265.89,60,11.63,2024-11-18,PENDING,0
LOAN000435,CUST0056,455476.82,36,23.39,2024-10-25,APPROVED,0
LOAN000436,CUST0243,207669.03,12,4.66,2025-06-12,APPROVED,0
LOAN000437,CUST0276,179190.57,36,6.98,2024-10-11,APPROVED,0
LOAN000438,CUST0150,404704.08,60,12.76,2024-10-09,APPROVED,0
LOAN000439,CUST0160,147468.1,36,12.65,2025-06-28,APPROVED,0
LOAN000440,CUST0291,62415.06,48,6.24,2024-11-30,APPROVED,0
LOAN000441,CUST0229,485743.54,48,13.12,2025-03-30,PENDING,0
LOAN000442,CUST0005,77871.0,24,15.74,2025-06-27,APPROVED,0
LOAN000443,CUST0266,28694.9,60,16.29,2025-09-13,APPROVED,0
LOAN000444,CUST0164,430282.76,60,15.32,2025-03-04,PENDING,0
LOAN000445,CUST0099,103231.76,36,15.11,2024-11-22,PENDING,0
LOAN000446,CUST0024,385396.21,60,4.2,2024-11-19,REJECTED,0
LOAN000447,CUST0225,118249.61,12,20.88,2025-08-03,APPROVED,0
LOAN000448,CUST0027,18100.49,36,7.82,2024-11-29,REJECTED,0
LOAN000449,CUST0064,300594.63,24,17.7,2025-01-16,APPROVED,0
LOAN000450,CUST0158,198620.24,36,19.84,2025-01-11,APPROVED,1
LOAN000451,CUST0001,3659.6,12,8.15,2025-05-08,APPROVED,0
LOAN000452,CUST0084,239100.01,36,15.79,2024-11-12,APPROVED,0
LOAN000453,CUST0137,355148.86,36,17.37,2025-08-16,APPROVED,0
LOAN000454,CUST0139,339786.47,12,6.94,2025-08-11,APPROVED,0
LOAN000455,CUST0008,433054.96,24,8.61,2025-06-03,APPROVED,0
LOAN000456,CUST0005,421935.06,60,7.5,2025-04-06,APPROVED,0
LOAN000457,CUST0039,243519.18,60,17.44,2025-05-26,REJECTED,0
LOAN000458,CUST0114,262284.3,12,10.29,2025-06-02,APPROVED,0
LOAN000459,CUST0263,174799.62,60,11.92,2025-05-29,APPROVED,0
LOAN000460,CUST0025,181336.58,36,13.48,2025-05-18,APPROVED,0
LOAN000461,CUST0121,443451.19,24,11.25,2024-10-25,APPROVED,0
LOAN000462,CUST0084,211773.01,12,13.39,2025-02-24,APPROVED,0
LOAN000463,CUST0146,154300.43,24,12.45,2024-10-06,APPROVED,0
LOAN000464,CUST0187,363985.75,48,15.2,2025-03-16,APPROVED,0
LOAN000465,CUST0066,238342.1,36,22.64,2025-01-06,REJECTED,0
LOAN000466,CUST0085,226875.35,12,9.18,2025-09-02,APPROVED,0
LOAN000467,CUST0058,202645.85,24,16.72,2024-11-27,APPROVED,0
LOAN000468,CUST0084,469360.24,36,5.29,2025-05-13,APPROVED,0
LOAN000469,CUST0234,12643.67,24,17.67,2025-07-28,APPROVED,0
LOAN000470,CUST0128,242981.38,36,15.67,2025-01-30,PENDING,0
LOAN000471,CUST0061,307473.49,12,22.14,2024-10-20,APPROVED,0
LOAN000472,CUST0039,382109.04,60,14.3,2025-08-21,APPROVED,0
LOAN000473,CUST0094,464967.95,36,17.61,2025-06-16,APPROVED,0
LOAN000474,CUST0211,352086.93,36,10.21,2025-08-11,PENDING,0
LOAN000475,CUST0245,14577.85,12,3.72,2024-11-17,APPROVED,0
LOAN000476,CUST0049,393083.65,24,8.53,2024-11-02,PENDING,0
LOAN000477,CUST0083,272588.52,24,16.09,2025-02-06,REJECTED,0
LOAN000478,CUST0201,126893.21,36,12.81,2024-09-30,APPROVED,0
LOAN000479,CUST0001,244377.87,12,16.67,2025-03-19,APPROVED,0
LOAN000480,CUST0269,162281.32,48,6.24,2024-11-26,APPROVED,0
LOAN000481,CUST0188,286612.09,12,15.47,2025-01-22,APPROVED,0
LOAN000482,CUST0079,464646.95,36,16.95,2025-08-22,APPROVED,0
LOAN000483,CUST0289,450523.02,60,8.95,2025-06-19,APPROVED,0
LOAN000484,CUST0229,399202.55,36,8.22,2025-05-02,APPROVED,0
LOAN000485,CUST0226,305697.1,12,6.78,2025-01-02,PENDING,0
LOAN000486,CUST0011,50533.59,12,4.57,2025-09-04,APPROVED,0
LOAN000487,CUST0130,118067.33,48,10.87,2024-12-15,APPROVED,0
LOAN000488,CUST0248,439815.45,12,21.91,2025-02-13,APPROVED,1
LOAN000489,CUST0146,298300.52,48,14.87,2024-12-22,PENDING,0
LOAN000490,CUST0240,201837.17,24,18.37,2024-12-25,APPROVED,0
LOAN000491,CUST0295,334478.35,36,16.69,2024-10-24,APPROVED,0
LOAN000492,CUST0234,4612.89,48,11.88,2025-04-02,APPROVED,0
LOAN000493,CUST0028,416511.57,24,6.48,2025-07-31,APPROVED,0
LOAN000494,CUST0176,251600.5,48,3.69,2024-10-09,APPROVED,0
LOAN000495,CUST0083,73059.89,24,18.93,2024-12-26,APPROVED,0
LOAN000496,CUST0260,154042.95,48,5.67,2025-09-25,APPROVED,0
LOAN000497,CUST0018,134162.31,36,7.72,2025-03-20,APPROVED,0
LOAN000498,CUST0292,138877.12,12,9.77,2025-01-30,APPROVED,0
LOAN000499,CUST0074,213618.27,12,3.59,2025-07-19,APPROVED,0
LOAN000500,CUST0223,169282.6,36,17.02,2025-08-20,APPROVED,0
LOAN000501,CUST0169,418511.31,12,21.35,2025-02-28,APPROVED,0
LOAN000502,CUST0076,240391.09,24,19.2,2025-04-25,APPROVED,0
LOAN000503,CUST0084,115162.09,48,23.09,2024-10-12,APPROVED,0
LOAN000504,CUST0016,255515.9,36,7.8,2025-07-17,APPROVED,1
LOAN000505,CUST0100,426118.54,12,21.53,2025-05-30,APPROVED,0
LOAN000506,CUST0224,123930.39,36,4.98,2024-10-20,APPROVED,0
LOAN000507,CUST0066,135758.39,48,5.75,2024-12-10,APPROVED,0
LOAN000508,CUST0067,170543.41,36,20.18,2024-12-24,APPROVED,0
LOAN000509,CUST0112,402852.26,48,10.04,2025-03-15,APPROVED,0
LOAN000510,CUST0056,274903.28,48,9.73,2024-11-19,APPROVED,0
LOAN000511,CUST0109,411402.66,60,13.89,2025-04-01,APPROVED,0
LOAN000512,CUST0250,376461.49,24,19.55,2025-06-22,APPROVED,0
LOAN000513,CUST0143,55631.99,48,11.86,2025-06-30,PENDING,0
LOAN000514,CUST0244,154895.69,48,18.64,2024-11-27,PENDING,0
LOAN000515,CUST0115,369755.54,12,6.92,2025-01-03,APPROVED,0
LOAN000516,CUST0282,298855.38,12,21.87,2025-04-04,PENDING,0
LOAN000517,CUST0151,222091.93,24,21.34,2025-07-11,APPROVED,0
LOAN000518,CUST0182,176999.78,48,4.96,2025-07-07,APPROVED,0
LOAN000519,CUST0128,409231.34,12,5.47,2025-06-02,APPROVED,0
LOAN000520,CUST0280,472005.78,12,15.23,2024-11-29,PENDING,0
LOAN000521,CUST0220,362845.21,12,15.79,2025-01-29,APPROVED,0
LOAN000522,CUST0121,499567.56,60,3.96,2025-01-14,APPROVED,0
LOAN000523,CUST0177,357299.7,60,8.78,2025-08-05,APPROVED,0
LOAN000524,CUST0116,362079.4,48,10.99,2025-02-23,APPROVED,0
LOAN000525,CUST0210,402435.4,24,22.01,2024-11-10,APPROVED,0
LOAN000526,CUST0285,228835.28,36,17.89,2024-11-19,APPROVED,0
LOAN000527,CUST0225,428603.34,48,4.74,2025-04-16,REJECTED,0
LOAN000528,CUST0286,264156.81,12,22.27,2025-03-06,APPROVED,0
LOAN000529,CUST0283,66875.12,24,9.56,2024-10-31,APPROVED,0
LOAN000530,CUST0271,356572.89,24,8.44,2025-04-05,APPROVED,0
LOAN000531,CUST0201,387261.2,36,21.52,2025-02-18,APPROVED,0
LOAN000532,CUST0147,27861.46,48,21.28,2024-10-29,PENDING,0
LOAN000533,CUST0138,134196.47,12,20.2,2025-01-08,APPROVED,1
LOAN000534,CUST0035,166637.13,36,17.24,2024-11-18,APPROVED,0
LOAN000535,CUST0041,104879.13,60,7.59,2024-10-21,APPROVED,0
LOAN000536,CUST0149,292432.67,60,4.11,2024-10-31,APPROVED,0
LOAN000537,CUST0253,290033.22,36,22.53,2024-12-17,APPROVED,0
LOAN000538,CUST0146,300118.19,60,23.31,2025-05-04,APPROVED,0
LOAN000539,CUST0175,297708.86,36,19.87,2025-02-24,APPROVED,0
LOAN000540,CUST0030,259973.53,36,21.94,2025-08-06,APPROVED,0
LOAN000541,CUST0134,384026.19,60,14.84,2025-05-20,PENDING,0
LOAN000542,CUST0006,71588.37,48,5.72,2024-10-27,APPROVED,0
LOAN000543,CUST0196,12492.01,24,5.86,2025-03-29,REJECTED,0
LOAN000544,CUST0072,368284.33,60,16.26,2025-09-03,PENDING,1
LOAN000545,CUST0280,410529.59,60,14.86,2024-10-05,APPROVED,0
LOAN000546,CUST0277,495725.69,60,17.49,2024-11-25,APPROVED,0
LOAN000547,CUST0262,420323.94,60,15.97,2024-10-01,APPROVED,0
LOAN000548,CUST0059,461030.69,12,16.59,2024-12-28,APPROVED,0
LOAN000549,CUST0227,48366.75,48,18.7,2025-06-29,APPROVED,0
LOAN000550,CUST0164,118174.08,48,16.62,2025-01-15,APPROVED,0
LOAN000551,CUST0192,394256.77,36,12.68,2025-06-21,APPROVED,0
LOAN000552,CUST0271,366834.43,60,8.44,2025-06-10,APPROVED,0
LOAN000553,CUST0213,20977.61,60,9.19,2025-01-23,APPROVED,0
LOAN000554,CUST0189,93942.79,24,9.66,2024-12-29,PENDING,0
LOAN000555,CUST0050,227296.79,12,12.77,2025-01-26,APPROVED,0
LOAN000556,CUST0050,71810.03,60,14.48,2025-09-28,APPROVED,0
LOAN000557,CUST0246,288548.65,36,22.82,2025-05-08,APPROVED,0
LOAN000558,CUST0144,164938.95,36,14.43,2024-10-15,APPROVED,0
LOAN000559,CUST0260,443836.13,48,18.79,2024-10-20,APPROVED,0
LOAN000560,CUST0152,43258.45,60,11.3,2025-03-10,APPROVED,0
LOAN000561,CUST0053,321164.22,60,19.01,2024-10-28,APPROVED,0
LOAN000562,CUST0289,259269.56,36,14.02,2025-01-02,APPROVED,0
LOAN000563,CUST0134,149881.16,12,9.55,2025-08-06,APPROVED,0
LOAN000564,CUST0150,482213.84,36,22.18,2025-04-26,APPROVED,0
LOAN000565,CUST0037,311914.84,12,18.72,2025-09-22,APPROVED,0
LOAN000566,CUST0265,412698.35,24,13.96,2025-04-18,APPROVED,0
LOAN000567,CUST0159,74431.32,60,18.11,2025-07-27,PENDING,0
LOAN000568,CUST0111,389864.79,48,21.11,2024-10-07,REJECTED,0
LOAN000569,CUST0236,211371.85,60,5.83,2025-02-13,APPROVED,1
LOAN000570,CUST0182,47906.67,36,12.0,2025-09-27,APPROVED,0
LOAN000571,CUST0203,354887.25,36,7.08,2025-02-01,APPROVED,0
LOAN000572,CUST0210,346086.47,12,8.2,2024-11-29,PENDING,0
LOAN000573,CUST0108,489419.28,12,14.48,2025-09-06,APPROVED,0
LOAN000574,CUST0276,395916.27,60,17.99,2025-07-04,APPROVED,0
LOAN000575,CUST0079,230802.34,48,5.79,2025-05-31,APPROVED,0
LOAN000576,CUST0284,440075.06,36,23.23,2024-11-11,APPROVED,0
LOAN000577,CUST0188,317754.47,36,10.63,2024-12-08,PENDING,1
LOAN000578,CUST0129,59042.54,48,21.36,2024-12-07,APPROVED,0
LOAN000579,CUST0025,168815.79,60,23.33,2024-10-12,APPROVED,1
LOAN000580,CUST0076,448208.95,36,9.52,2025-09-17,APPROVED,0
LOAN000581,CUST0226,257349.9,12,8.12,2024-11-26,APPROVED,0
LOAN000582,CUST0255,76841.89,12,17.0,2025-03-02,APPROVED,0
LOAN000583,CUST0204,478396.6,36,20.65,2025-03-14,PENDING,0
LOAN000584,CUST0169,269528.0,24,10.04,2025-05-11,APPROVED,0
LOAN000585,CUST0258,7199.33,60,11.4,2024-10-21,APPROVED,0
LOAN000586,CUST0017,453252.29,60,14.91,2025-07-16,APPROVED,0
LOAN000587,CUST0191,139553.97,36,19.43,2025-03-25,APPROVED,0
LOAN000588,CUST0001,427632.3,24,19.57,2025-09-06,APPROVED,1
LOAN000589,CUST0232,86335.6,48,20.46,2024-10-28,APPROVED,0
LOAN000590,CUST0183,342554.41,36,20.31,2025-03-13,APPROVED,0
LOAN000591,CUST0099,344530.09,60,23.6,2025-02-10,APPROVED,0
LOAN000592,CUST0175,180694.73,36,23.07,2024-10-17,APPROVED,0
LOAN000593,CUST0217,419979.26,60,13.68,2025-03-27,APPROVED,0
LOAN000594,CUST0192,172292.38,12,16.27,2025-02-22,REJECTED,0
LOAN000595,CUST0016,157608.13,48,23.53,2025-09-13,APPROVED,0
LOAN000596,CUST0109,211265.44,12,19.73,2024-11-15,APPROVED,0
LOAN000597,CUST0105,367036.95,48,19.25,2025-04-24,APPROVED,0
LOAN000598,CUST0158,29325.21,48,12.26,2025-09-17,APPROVED,1
LOAN000599,CUST0296,363460.17,48,3.55,2024-10-20,APPROVED,0
LOAN000600,CUST0057,238998.09,12,11.67,2025-09-05,APPROVED,0
LOAN000601,CUST0170,473081.37,48,7.04,2025-09-20,APPROVED,0
LOAN000602,CUST0109,290902.08,48,15.77,2025-01-19,APPROVED,0
LOAN000603,CUST0015,341095.25,24,18.01,2025-08-22,APPROVED,0
LOAN000604,CUST0207,223182.63,60,19.37,2025-09-06,APPROVED,0
LOAN000605,CUST0197,488080.55,36,10.89,2025-05-15,APPROVED,0
LOAN000606,CUST0266,287721.27,60,23.15,2025-03-12,APPROVED,0
LOAN000607,CUST0011,429926.06,48,19.22,2025-01-11,APPROVED,0
LOAN000608,CUST0225,365527.42,36,16.63,2024-11-17,APPROVED,0
LOAN000609,CUST0083,421707.83,24,23.67,2025-06-06,APPROVED,0
LOAN000610,CUST0119,194696.37,48,8.58,2025-02-22,APPROVED,0
LOAN000611,CUST0284,215588.81,60,19.57,2025-09-24,APPROVED,0
LOAN000612,CUST0138,329714.2,60,5.37,2025-08-29,PENDING,0
LOAN000613,CUST0036,172183.25,12,10.96,2025-09-27,APPROVED,1
LOAN000614,CUST0125,200225.4,24,20.4,2024-10-21,APPROVED,0
LOAN000615,CUST0041,321902.23,36,7.5,2025-07-26,APPROVED,0
LOAN000616,CUST0127,152937.04,48,18.47,2024-10-13,APPROVED,0
LOAN000617,CUST0046,8353.9,48,16.58,2024-12-26,PENDING,0
LOAN000618,CUST0029,225322.36,60,10.48,2024-12-18,APPROVED,0
LOAN000619,CUST0095,143846.36,60,13.73,2024-12-26,APPROVED,0
LOAN000620,CUST0023,80650.32,48,22.24,2024-10-03,APPROVED,0
LOAN000621,CUST0032,29731.25,60,21.09,2024-11-21,APPROVED,0
LOAN000622,CUST0199,272356.69,24,13.19,2025-08-16,APPROVED,0
LOAN000623,CUST0226,436594.65,48,17.15,2024-12-14,PENDING,0
LOAN000624,CUST0086,380578.26,60,6.0,2025-07-26,APPROVED,0
LOAN000625,CUST0292,312352.71,12,21.51,2024-11-23,APPROVED,0
LOAN000626,CUST0074,468357.46,24,17.97,2025-05-31,PENDING,0
LOAN000627,CUST0279,146941.88,24,15.62,2025-01-28,APPROVED,0
LOAN000628,CUST0132,371185.71,48,9.83,2025-08-02,APPROVED,0
LOAN000629,CUST0104,380317.83,24,7.6,2025-08-10,APPROVED,0
LOAN000630,CUST0222,487762.49,36,22.71,2025-05-14,APPROVED,0
LOAN000631,CUST0046,357207.66,36,16.36,2025-08-26,APPROVED,0
LOAN000632,CUST0282,209263.6,36,5.08,2025-09-07,PENDING,0
LOAN000633,CUST0014,18592.8,48,21.34,2024-10-10,APPROVED,0
LOAN000634,CUST0213,390090.05,36,13.32,2024-12-23,APPROVED,0
LOAN000635,CUST0024,210240.45,36,7.08,2025-07-03,APPROVED,0
LOAN000636,CUST0145,61855.26,36,11.16,2025-08-24,APPROVED,0
LOAN000637,CUST0226,2705.0,48,4.64,2025-01-12,APPROVED,0
LOAN000638,CUST0214,379907.89,48,12.35,2024-11-29,APPROVED,0
LOAN000639,CUST0028,185380.26,24,18.34,2025-05-13,APPROVED,0
LOAN000640,CUST0263,109156.64,24,12.8,2025-03-14,APPROVED,0
LOAN000641,CUST0053,20761.62,60,17.02,2025-06-02,APPROVED,0
LOAN000642,CUST0127,475770.9,24,14.23,2025-01-27,APPROVED,0
LOAN000643,CUST0234,472501.62,48,15.36,2025-06-03,APPROVED,0
LOAN000644,CUST0275,343111.11,24,11.4,2025-08-03,APPROVED,0
LOAN000645,CUST0249,350889.48,12,12.7,2025-05-26,APPROVED,0
LOAN000646,CUST0242,350515.73,36,18.95,2025-07-21,APPROVED,0
LOAN000647,CUST0171,291311.83,36,15.55,2025-05-06,APPROVED,0
LOAN000648,CUST0018,394852.58,48,19.96,2025-01-16,PENDING,0
LOAN000649,CUST0071,155671.24,60,9.75,2025-06-03,APPROVED,0
LOAN000650,CUST0123,400347.71,48,23.76,2024-12-10,APPROVED,0
LOAN000651,CUST0095,316546.95,60,4.53,2025-07-25,APPROVED,0
LOAN000652,CUST0189,489243.87,24,4.16,2024-12-12,APPROVED,0
LOAN000653,CUST0257,140799.16,24,23.7,2025-01-22,PENDING,0
LOAN000654,CUST0193,9593.68,48,23.47,2025-03-07,APPROVED,1
LOAN000655,CUST0276,338841.69,24,20.35,2025-04-16,APPROVED,0
LOAN000656,CUST0006,196399.17,12,6.43,2025-06-29,APPROVED,0
LOAN000657,CUST0116,325862.18,60,18.04,2025-05-20,PENDING,0
LOAN000658,CUST0181,340232.65,36,14.08,2025-06-28,APPROVED,0
LOAN000659,CUST0156,395426.54,24,22.0,2025-08-03,APPROVED,1
LOAN000660,CUST0008,80592.67,48,13.36,2025-05-30,REJECTED,0
LOAN000661,CUST0236,64904.27,60,9.56,2025-01-21,REJECTED,0
LOAN000662,CUST0050,116516.93,60,15.34,2024-11-28,APPROVED,0
LOAN000663,CUST0217,132408.24,24,16.54,2024-11-02,APPROVED,0
LOAN000664,CUST0144,474436.68,36,6.49,2024-10-28,APPROVED,0
LOAN000665,CUST0043,230609.4,60,13.34,2025-05-30,APPROVED,0
LOAN000666,CUST0131,383286.96,48,13.17,2025-07-14,APPROVED,0
LOAN000667,CUST0282,241000.29,24,18.23,2024-12-27,APPROVED,0
LOAN000668,CUST0079,380249.18,60,18.94,2025-03-02,APPROVED,0
LOAN000669,CUST0123,330643.12,12,14.25,2024-10-01,APPROVED,0
LOAN000670,CUST0075,436566.87,12,13.56,2025-02-17,APPROVED,0
LOAN000671,CUST0119,407489.92,60,11.33,2024-10-17,REJECTED,0
LOAN000672,CUST0059,205783.79,24,22.54,2024-12-27,APPROVED,0
LOAN000673,CUST0033,17011.2,24,5.72,2025-01-10,APPROVED,0
LOAN000674,CUST0026,364839.72,12,8.93,2024-10-20,APPROVED,0
LOAN000675,CUST0204,191686.73,12,6.62,2025-03-09,APPROVED,0
LOAN000676,CUST0288,43613.86,36,11.73,2025-08-13,APPROVED,0
LOAN000677,CUST0034,260647.48,60,21.57,2025-07-16,APPROVED,0
LOAN000678,CUST0287,387385.27,12,3.53,2025-01-21,PENDING,0
LOAN000679,CUST0223,272618.79,12,8.93,2025-06-06,APPROVED,0
LOAN000680,CUST0068,391119.95,48,15.14,2025-05-28,APPROVED,0
LOAN000681,CUST0273,10026.03,36,12.41,2025-07-07,APPROVED,0
LOAN000682,CUST0022,100807.15,24,8.28,2025-07-17,REJECTED,0
LOAN000683,CUST0049,222293.02,48,16.63,2025-08-09,PENDING,0
LOAN000684,CUST0140,262228.44,48,14.33,2024-12-28,APPROVED,0
LOAN000685,CUST0007,409150.26,60,23.63,2025-07-16,APPROVED,0
LOAN000686,CUST0114,487964.69,48,13.11,2025-05-06,APPROVED,0
LOAN000687,CUST0048,37472.88,48,18.04,2025-09-07,APPROVED,0
LOAN000688,CUST0201,77603.39,48,20.04,2025-03-15,APPROVED,0
LOAN000689,CUST0117,120642.89,48,23.73,2024-11-01,APPROVED,0
LOAN000690,CUST0278,335419.28,12,17.09,2025-08-13,APPROVED,0
LOAN000691,CUST0219,324497.5,36,23.02,2025-09-01,APPROVED,0
LOAN000692,CUST0143,224626.94,48,5.63,2024-11-29,APPROVED,0
LOAN000693,CUST0196,128444.86,60,7.72,2025-01-17,APPROVED,0
LOAN000694,CUST0064,113650.36,24,16.62,2025-05-06,APPROVED,0
LOAN000695,CUST0055,116087.28,36,8.87,2025-09-10,APPROVED,0
LOAN000696,CUST0161,176883.47,60,21.97,2025-02-25,PENDING,0
LOAN000697,CUST0045,57395.59,36,14.86,2025-07-30,APPROVED,0
LOAN000698,CUST0178,198282.54,48,18.26,2025-01-02,APPROVED,0
LOAN000699,CUST0049,95900.58,60,7.27,2025-05-17,APPROVED,0
LOAN000700,CUST0124,267197.46,12,7.09,2025-08-07,APPROVED,0
LOAN000701,CUST0210,258800.23,12,10.88,2025-05-29,REJECTED,0
LOAN000702,CUST0223,249701.03,24,14.96,2025-08-21,APPROVED,0
LOAN000703,CUST0293,316497.78,12,4.01,2024-11-12,APPROVED,0
LOAN000704,CUST0265,106584.47,36,22.41,2025-03-13,PENDING,0
LOAN000705,CUST0267,219913.87,48,9.49,2025-01-15,APPROVED,0
LOAN000706,CUST0006,33986.01,12,3.66,2024-11-23,APPROVED,0
LOAN000707,CUST0143,430965.96,24,13.33,2025-02-07,APPROVED,0
LOAN000708,CUST0258,262070.61,12,9.73,2025-02-02,APPROVED,0
LOAN000709,CUST0240,104841.21,12,23.5,2025-03-26,PENDING,0
LOAN000710,CUST0027,78283.15,36,12.38,2025-01-29,APPROVED,0
LOAN000711,CUST0153,43275.18,36,23.42,2025-05-01,APPROVED,0
LOAN000712,CUST0130,361204.4,60,10.49,2025-01-26,APPROVED,0
LOAN000713,CUST0031,101454.26,48,19.4,2025-08-20,REJECTED,0
LOAN000714,CUST0004,468579.77,48,17.02,2024-10-25,APPROVED,0
LOAN000715,CUST0136,141151.84,12,17.47,2025-08-21,APPROVED,0
LOAN000716,CUST0025,337853.68,60,3.91,2025-03-08,PENDING,0
LOAN000717,CUST0075,310508.56,24,16.88,2024-11-07,APPROVED,0
LOAN000718,CUST0054,125755.25,60,15.59,2024-10-04,PENDING,0
LOAN000719,CUST0272,356662.86,48,14.94,2025-07-12,APPROVED,0
LOAN000720,CUST0056,53130.6,36,18.9,2025-03-23,APPROVED,0
LOAN000721,CUST0049,235425.88,60,13.8,2025-01-27,APPROVED,0
LOAN000722,CUST0068,410572.55,36,19.92,2025-03-06,APPROVED,1
LOAN000723,CUST0133,401092.07,48,20.53,2025-08-06,APPROVED,0
LOAN000724,CUST0220,91916.02,12,5.38,2025-04-04,APPROVED,0
LOAN000725,CUST0275,8769.64,48,14.52,2025-05-11,PENDING,0
LOAN000726,CUST0223,95695.32,12,12.76,2025-09-17,APPROVED,0
LOAN000727,CUST0218,407828.34,60,6.0,2025-03-01,APPROVED,0
LOAN000728,CUST0297,352007.56,12,12.34,2024-12-03,PENDING,0
LOAN000729,CUST0131,157411.12,24,10.12,2025-03-21,APPROVED,0
LOAN000730,CUST0096,255446.28,60,16.81,2025-02-10,APPROVED,0
LOAN000731,CUST0144,2488.09,48,6.22,2025-02-26,APPROVED,0
LOAN000732,CUST0112,247252.79,36,7.67,2025-01-15,APPROVED,0
LOAN000733,CUST0217,86480.12,36,7.32,2025-07-20,APPROVED,0
LOAN000734,CUST0084,82235.94,36,6.03,2025-03-22,REJECTED,0
LOAN000735,CUST0229,260591.65,36,11.38,2025-03-22,APPROVED,0
LOAN000736,CUST0266,43209.87,48,3.88,2025-07-25,APPROVED,0
LOAN000737,CUST0081,236185.16,24,10.48,2024-11-30,PENDING,0
LOAN000738,CUST0024,434838.14,36,6.72,2025-06-25,APPROVED,0
LOAN000739,CUST0028,201765.97,12,23.27,2024-11-23,PENDING,0
LOAN000740,CUST0018,458583.36,60,18.86,2024-10-01,APPROVED,0
LOAN000741,CUST0270,5561.4,60,14.89,2024-12-10,PENDING,0
LOAN000742,CUST0263,166393.89,48,4.45,2025-06-17,APPROVED,0
LOAN000743,CUST0043,401408.48,60,16.1,2025-05-13,APPROVED,0
LOAN000744,CUST0084,258355.21,48,18.95,2024-12-12,APPROVED,0
LOAN000745,CUST0082,229669.15,12,17.31,2024-12-18,APPROVED,0
LOAN000746,CUST0290,446594.33,60,14.91,2024-10-12,PENDING,0
LOAN000747,CUST0300,293457.07,48,9.13,2025-06-24,APPROVED,1
LOAN000748,CUST0274,394993.14,48,5.55,2025-04-20,APPROVED,0
LOAN000749,CUST0098,252531.2,60,8.46,2025-06-30,APPROVED,0
LOAN000750,CUST0266,494201.04,12,16.27,2025-02-22,PENDING,0
LOAN000751,CUST0069,423967.22,24,11.71,2025-06-06,APPROVED,0
LOAN000752,CUST0005,176901.18,36,23.66,2024-12-06,APPROVED,0
LOAN000753,CUST0040,434190.16,60,6.04,2025-08-06,APPROVED,0
LOAN000754,CUST0151,369052.15,36,11.81,2025-05-02,APPROVED,0
LOAN000755,CUST0082,121559.07,48,23.65,2025-05-18,APPROVED,0
LOAN000756,CUST0241,322320.06,12,14.87,2025-05-15,APPROVED,0
LOAN000757,CUST0002,244131.97,36,5.7,2025-06-06,APPROVED,0
LOAN000758,CUST0122,73979.37,48,22.36,2025-05-20,APPROVED,0
LOAN000759,CUST0082,291861.42,60,23.99,2025-05-08,APPROVED,0
LOAN000760,CUST0268,251486.29,60,7.41,2025-07-23,APPROVED,0
LOAN000761,CUST0206,459288.86,48,21.62,2025-06-07,APPROVED,0
LOAN000762,CUST0096,371321.85,36,19.23,2025-09-24,PENDING,0
LOAN000763,CUST0299,393985.38,60,11.78,2024-11-29,APPROVED,0
LOAN000764,CUST0019,481826.99,36,21.76,2025-03-02,PENDING,0
LOAN000765,CUST0075,7036.98,24,10.16,2025-02-09,APPROVED,1
LOAN000766,CUST0129,361358.22,48,20.11,2025-03-23,APPROVED,0
LOAN000767,CUST0169,274604.91,48,23.45,2025-09-28,APPROVED,0
LOAN000768,CUST0187,332693.8,60,7.59,2025-08-29,APPROVED,0
LOAN000769,CUST0145,108618.55,60,13.93,2025-04-28,APPROVED,0
LOAN000770,CUST0137,225350.22,24,5.84,2025-03-14,APPROVED,0
LOAN000771,CUST0290,43162.8,36,23.72,2025-09-14,PENDING,0
LOAN000772,CUST0138,409866.89,48,20.65,2024-11-01,APPROVED,0
LOAN000773,CUST0050,346763.3,12,23.63,2024-12-25,APPROVED,0
LOAN000774,CUST0113,316269.39,24,14.43,2025-08-27,APPROVED,0
LOAN000775,CUST0089,448405.96,60,3.78,2025-06-26,APPROVED,0
LOAN000776,CUST0079,279860.58,60,19.91,2025-02-15,APPROVED,0
LOAN000777,CUST0047,159781.48,36,6.4,2025-01-23,APPROVED,0
LOAN000778,CUST0165,11726.88,36,10.53,2025-07-24,APPROVED,0
LOAN000779,CUST0231,33575.58,48,9.04,2024-12-23,PENDING,0
LOAN000780,CUST0033,265507.54,60,6.2,2025-01-11,APPROVED,0
LOAN000781,CUST0016,259300.11,36,3.65,2025-01-06,APPROVED,0
LOAN000782,CUST0171,24938.98,12,15.78,2025-09-12,APPROVED,0
LOAN000783,CUST0104,215152.18,12,3.99,2025-06-22,APPROVED,0
LOAN000784,CUST0080,439483.08,60,9.47,2025-06-07,APPROVED,0
LOAN000785,CUST0085,140102.07,36,11.24,2025-02-26,PENDING,0
LOAN000786,CUST0122,381909.61,36,18.35,2025-09-20,APPROVED,0
LOAN000787,CUST0103,259831.46,24,20.54,2025-09-07,APPROVED,0
LOAN000788,CUST0256,386208.35,12,22.26,2024-11-19,APPROVED,0
LOAN000789,CUST0287,268900.91,36,17.1,2024-11-21,PENDING,0
LOAN000790,CUST0249,62036.5,24,18.62,2025-04-06,APPROVED,0
LOAN000791,CUST0025,343046.85,48,4.55,2025-02-13,APPROVED,0
LOAN000792,CUST0070,117076.36,60,7.66,2024-10-08,APPROVED,0
LOAN000793,CUST0021,50274.12,60,10.91,2025-05-26,PENDING,0
LOAN000794,CUST0260,268244.29,48,5.01,2025-05-16,PENDING,0
LOAN000795,CUST0043,124150.87,36,11.04,2025-06-07,APPROVED,0
LOAN000796,CUST0044,238432.92,48,10.01,2025-06-24,APPROVED,0
LOAN000797,CUST0019,136858.22,36,15.63,2025-01-28,APPROVED,0
LOAN000798,CUST0229,194439.6,12,4.61,2024-11-13,APPROVED,0
LOAN000799,CUST0153,54292.8,60,22.21,2025-03-28,PENDING,0
LOAN000800,CUST0047,195821.03,48,23.94,2025-05-24,APPROVED,1
